{
    "SiteUrl": "https://www.leijing.xyz,https://www.leijing1.com,https://leijing.xyz,https://leijing1.com",
    "Classes": [
        {
            "type_name": "电影",
            "type_id": "42204681950354"
        },
        {
            "type_name": "剧集",
            "type_id": "42204684250355"
        },
        {
            "type_name": "影视原盘",
            "type_id": "42212287587456"
        },
        {
            "type_name": "综艺",
            "type_id": "42210356650363"
        },
        {
            "type_name": "动漫",
            "type_id": "42204792950357"
        },
        {
            "type_name": "纪录片",
            "type_id": "42204697150356"
        },
        {
            "type_name": "演唱会",
            "type_id": "42317879720298"
        }
    ],
    "Cookie": "cms_token=91643744d93a42f98e15b6784f0bd310; JSESSIONID=D92622710E6342FD11574AC11CF9DFC6; cms_accessToken=7dab23285f764ee3a0b8d84abdff2fe1; cms_refreshToken=2f4d43120dcc4c258c80d0a1cd2df559"
}